Name,Model Number,Serial Number,SKU,Image
Smile Classic Orchestral Extension,20231003-005-001,SX15DC13B61C25,12 inch,https://get-smile-vinyl.s3.us-east-1.amazonaws.com/1.jpg
Smile Mega Synthwave Extension,20230518-003-002,DX8B729B6A1F77,12 inch,https://get-smile-vinyl.s3.us-east-1.amazonaws.com/2.jpg
Smile Extended Indie Extension,20230517-001-003,EXDE2FEB667546,7 inch,https://get-smile-vinyl.s3.us-east-1.amazonaws.com/4.jpg
Smile Exclusive Rock Extension,20230909-001-004,LX9EAC14A37289,7 inch,https://get-smile-vinyl.s3.us-east-1.amazonaws.com/3.jpg
Smile Special Disco Extension,20230331-003-005,EX903571D58608,7 inch,https://get-smile-vinyl.s3.us-east-1.amazonaws.com/5.jpg
Smile Premium Flamenco Extension,20231215-003-006,SX073894D0D774,10 inch,https://get-smile-vinyl.s3.us-east-1.amazonaws.com/6.jpg
Smile Limited Synthwave Extension,20230117-003-007,EXE259F5A8BE12,10 inch,https://get-smile-vinyl.s3.us-east-1.amazonaws.com/1.jpg
Smile Platinum Instrumental Extension,20230726-001-008,VXBD4C30585E16,7 inch,https://get-smile-vinyl.s3.us-east-1.amazonaws.com/2.jpg
Smile Silver Drill Extension,20231102-004-009,DX3CE235522132,12 inch,https://get-smile-vinyl.s3.us-east-1.amazonaws.com/3.jpg
Smile Remastered Hip Hop Extension,20230823-001-010,VX2022078B2B30,12 inch,https://get-smile-vinyl.s3.us-east-1.amazonaws.com/4.jpg
Smile Enhanced Folk Extension,20230528-003-011,VXD3806250AD05,7 inch,https://get-smile-vinyl.s3.us-east-1.amazonaws.com/5.jpg
Smile Premium Punk Extension,20230601-005-012,LX1E4D25CBB441,10 inch,https://get-smile-vinyl.s3.us-east-1.amazonaws.com/6.jpg
Smile Anniversary Acapella Extension,20230807-001-013,DX751C0392C101,12 inch,https://get-smile-vinyl.s3.us-east-1.amazonaws.com/1.jpg
Smile Hyper Dance Extension,20230120-003-014,DX6AE781085E74,12 inch,https://get-smile-vinyl.s3.us-east-1.amazonaws.com/2.jpg
Smile Super Instrumental Extension,20231105-003-015,LX92A089EDF346,10 inch,https://get-smile-vinyl.s3.us-east-1.amazonaws.com/3.jpg
Smile Ultra Acoustic Extension,20230208-004-016,VXE2A7F6BD5880,10 inch,https://get-smile-vinyl.s3.us-east-1.amazonaws.com/4.jpg
Smile Classic Synthwave Extension,20230604-002-017,VX9BC25C0E5994,10 inch,https://get-smile-vinyl.s3.us-east-1.amazonaws.com/5.jpg
Smile Gold Metal Extension,20230603-002-018,EX675A97DC1043,7 inch,https://get-smile-vinyl.s3.us-east-1.amazonaws.com/6.jpg
Smile Exclusive Disco Extension,20231012-005-019,SXA6FA3CED6473,10 inch,https://get-smile-vinyl.s3.us-east-1.amazonaws.com/1.jpg
Smile Remastered Disco Extension,20230610-001-020,VX5313B0794A12,12 inch,https://get-smile-vinyl.s3.us-east-1.amazonaws.com/2.jpg
Smile Classic Fusion Extension,20230511-005-021,LXC6D0B021DE18,10 inch,https://get-smile-vinyl.s3.us-east-1.amazonaws.com/3.jpg
Smile Special Indie Extension,20230816-003-022,DX135276E23267,12 inch,https://get-smile-vinyl.s3.us-east-1.amazonaws.com/4.jpg
Smile Signature Dance Extension,20231129-005-023,SX158FDEF6A465,7 inch,https://get-smile-vinyl.s3.us-east-1.amazonaws.com/5.jpg
Smile Collector's Instrumental Extension,20230604-003-024,LX6CCE8F62B227,10 inch,https://get-smile-vinyl.s3.us-east-1.amazonaws.com/6.jpg
Smile Crystal Funk Extension,20230616-004-025,EXBEAAF08CAB22,7 inch
Smile Gold Alternative Extension,20230828-004-026,LX0D6A03109887,10 inch
Smile Classic Experimental Extension,20230606-001-027,LX7BEB43797837,7 inch
Smile Exclusive Vaporwave Extension,20231126-003-028,VX20FC158ED972,10 inch
Smile Classic Jazz Extension,20230711-005-029,VXE9C39B426C82,12 inch
Smile Special Tango Extension,20230802-004-030,DX1B9FAA017A67,10 inch
Smile Hyper Synthwave Extension,20231104-002-031,LX8D6EE5426308,7 inch
Smile Modern Hip Hop Extension,20230303-005-032,DX15A4C861F272,10 inch
Smile Definitive Acapella Extension,20231027-004-033,EX4CC318746F14,12 inch
Smile Exclusive Orchestral Extension,20230920-004-034,DXEECE2E107589,7 inch
Smile Enhanced Funk Extension,20230702-003-035,EXBAEDFFF28B92,12 inch
Smile Crystal Tango Extension,20230514-001-036,DX913A9DB87991,10 inch
Smile Premium Blues Extension,20230913-004-037,DX667830056840,10 inch
Smile Hyper Unplugged Extension,20231215-002-038,DXB52D385AA261,7 inch
Smile Signature Experimental Extension,20231001-003-039,VXFA6BB187C585,12 inch
Smile Exclusive DJ Remix Extension,20230930-005-040,DX32F6C481D081,7 inch
Smile Super Live Extension,20230518-002-041,EXE9D8E484D734,12 inch
Smile Mega Funk Extension,20230118-002-042,DX40070248F671,7 inch
Smile Signature Country Extension,20230421-003-043,VX641843312A07,10 inch
Smile Silver Dance Extension,20230615-002-044,SX5A3C8F1B8A30,10 inch
Smile Rare Grunge Extension,20230501-001-045,DX189A19501E30,7 inch
Smile Rare Synthwave Extension,20230220-001-046,DX1158F72BBE31,7 inch
Smile Gold Blues Extension,20231208-004-047,VX2C4C0FF8CA98,7 inch
Smile Rare Reggae Extension,20230407-001-048,DX566C5CF72792,7 inch
Smile Extended Live Extension,20230826-001-049,EX1FA794F82F24,7 inch
Smile Mega Lofi Extension,20230501-004-050,DX7BF0E7F82422,12 inch
Smile Remastered Funk Extension,20230418-001-051,DXD58C46619E58,12 inch
Smile Hyper Lofi Extension,20230130-001-052,LXA00ACF787C84,12 inch
Smile Super Salsa Extension,20231103-003-053,LX16D447D5E802,10 inch
Smile Platinum Salsa Extension,20230129-003-054,LXAE1615309F41,10 inch
Smile Limited Live Extension,20230113-003-055,SX021750DAA551,10 inch
Smile Collector's Classical Extension,20230402-004-056,VX1D553796D581,12 inch
Smile Extended Country Extension,20230812-001-057,SXB1858D10E955,10 inch
Smile Limited Jazz Extension,20230612-004-058,SXF8A6B5C8FD54,12 inch
Smile Mega Metal Extension,20230103-004-059,SX897142FDE219,10 inch
Smile Collector's Vaporwave Extension,20230603-003-060,VX0638EAFBF995,7 inch
Smile Ultra Synthwave Extension,20230724-002-061,EX64E01298B059,10 inch
Smile Exclusive EDM Extension,20230115-003-062,DXBB864D822132,12 inch
Smile Vintage Blues Extension,20230718-003-063,VXE236C8D3C433,10 inch
Smile Extended Ambient Extension,20230228-002-064,EX1BED2EC33817,12 inch
Smile Enhanced Metal Extension,20230725-005-065,SX50C6422D1606,7 inch
Smile Vintage Lofi Extension,20231016-004-066,LXBCD21B8A6373,12 inch
Smile Mega Jazz Extension,20230512-002-067,EX2F31EB877F93,10 inch
Smile Collector's Soul Extension,20230121-004-068,DX8B9E9AD4C628,12 inch
Smile Anniversary Grunge Extension,20231102-002-069,VX3BFAED03E712,12 inch
Smile Special Alternative Extension,20230822-005-070,SXAA35D47B5728,7 inch
Smile Definitive Acoustic Extension,20231112-005-071,VXCD9CC6CA6071,10 inch
Smile Modern Lofi Extension,20231001-003-072,SX582521C6DE86,7 inch
Smile Ultra Jazz Extension,20230212-002-073,VXA8B1A25FEF31,10 inch
Smile Diamond Acapella Extension,20230115-001-074,DX8CD2F6A30990,12 inch
Smile Definitive Orchestral Extension,20230320-002-075,EX7711D30ECE66,10 inch
Smile Limited Techno Extension,20230501-001-076,DXD37304FA5A07,12 inch
Smile Signature Country Extension,20231207-003-077,LXC2B0E335A823,7 inch
Smile Rare Drill Extension,20230920-005-078,DX0209D7606A66,12 inch
Smile Signature Psychedelic Extension,20230405-003-079,EXFB1516E48082,12 inch
Smile Exclusive House Extension,20231225-004-080,VX2EC4E98C5C08,10 inch
Smile Remastered Dance Extension,20231017-003-081,EX085B70337036,12 inch
Smile Mega Funk Extension,20230305-001-082,SXE1542611A721,10 inch
Smile Limited Hip Hop Extension,20231225-005-083,DX79E7BE28F423,7 inch
Smile Classic Classical Extension,20231230-005-084,VXC82E43130D22,7 inch
Smile Enhanced Live Extension,20230319-002-085,VXDDDEF9EAE904,10 inch
Smile Hyper Alternative Extension,20230302-001-086,SX75446696B820,10 inch
Smile Classic Reggae Extension,20230630-004-087,DXADA2C5C71875,7 inch
Smile Vintage Studio Extension,20230609-003-088,LX173CBBB27295,10 inch
Smile Hyper House Extension,20230305-002-089,LXD2762713C331,12 inch
Smile Signature Rock Extension,20230411-005-090,DX240669F84013,12 inch
Smile Collector's Rock Extension,20230317-003-091,LX335D355EF874,10 inch
Smile Signature Vaporwave Extension,20231207-004-092,VXECD9B8823621,12 inch
Smile Ultra DJ Remix Extension,20230807-004-093,EXDEB6C3304E26,10 inch
Smile Special Tango Extension,20230623-002-094,DX04DE991AD490,7 inch
Smile Signature Disco Extension,20230604-003-095,SX37A9664F4629,12 inch
Smile Vintage Psychedelic Extension,20230810-003-096,SX5C967E67ED68,7 inch
Smile Platinum Salsa Extension,20230504-001-097,DX1F119D200836,7 inch
Smile Vintage Dubstep Extension,20231128-002-098,SXCAD004650D31,12 inch
Smile Anniversary Tango Extension,20230411-003-099,EX538EB41FAF64,7 inch
Smile Crystal Indie Extension,20230314-004-100,VXE21E9CA5D965,7 inch
Smile Limited Country Extension,20230915-002-101,VX24AABE61B460,7 inch
Smile Exclusive Acapella Extension,20230405-001-102,LXBB7C23319243,12 inch
Smile Remastered Metal Extension,20230401-002-103,VX0EA48A5CCB06,10 inch
Smile Deluxe Dance Extension,20231013-001-104,SXB3C38C025C09,12 inch
Smile Anniversary Classical Extension,20230613-004-105,SXBD817AD62125,12 inch
Smile Enhanced Studio Extension,20231111-002-106,DX023AB00EC084,7 inch
Smile Platinum Metal Extension,20231112-003-107,EX05B68B9E9212,10 inch
Smile Anniversary Acapella Extension,20230526-005-108,EX68347AD5BB10,7 inch
Smile Enhanced Hip Hop Extension,20230913-001-109,EXF546B003D617,7 inch
Smile Gold Dubstep Extension,20230801-003-110,DX58A7D9C0F704,7 inch
Smile Remastered Indie Extension,20230404-002-111,EXB9EBB2A02D78,7 inch
Smile Rare Techno Extension,20230101-002-112,LXA0D21572BF35,7 inch
Smile Limited Funk Extension,20230118-001-113,DX7F5670310A56,7 inch
Smile Super Dubstep Extension,20230203-004-114,SX9B152066E082,7 inch
Smile Silver House Extension,20230531-001-115,LX8524FF16C641,12 inch
Smile Definitive Instrumental Extension,20230419-004-116,VX8ECC748F7702,12 inch
Smile Gold Flamenco Extension,20230225-001-117,VXBA9B037EDB12,12 inch
Smile Classic Experimental Extension,20231019-004-118,EXD2F6E676FC84,10 inch
Smile Modern Acoustic Extension,20230419-004-119,VXDC7988791368,7 inch
Smile Deluxe Alternative Extension,20231210-002-120,EXAE3F57135A42,10 inch
Smile Modern Reggae Extension,20230830-004-121,SXE089B4FB1A96,7 inch
Smile Vintage Salsa Extension,20230124-005-122,SX900B8B711066,12 inch
Smile Ultra Flamenco Extension,20231218-005-123,DXA180CDABF861,12 inch
Smile Enhanced Hip Hop Extension,20231004-002-124,EX4D1CE3990665,7 inch
Smile Ultra Tango Extension,20230820-001-125,SXD01F93DFF208,12 inch
Smile Hyper Tango Extension,20230512-003-126,VXDFC812F46506,7 inch
Smile Premium Flamenco Extension,20231211-004-127,LXE3728A411158,10 inch
Smile Special Grunge Extension,20230303-001-128,SX6B945E583680,10 inch
Smile Rare Folk Extension,20231125-003-129,DX2375CFCC7091,7 inch
Smile Signature Lofi Extension,20231111-002-130,DXFA5A7159CB50,7 inch
Smile Deluxe Pop Extension,20231013-001-131,VXA09028C55A36,7 inch
Smile Definitive Trap Extension,20230605-002-132,SX81632D302C48,12 inch
Smile Anniversary Grunge Extension,20231028-002-133,LX3F7EF40C8A46,7 inch
Smile Vintage Hip Hop Extension,20230430-005-134,LXEDF9AA09C873,7 inch
Smile Special Soul Extension,20230108-002-135,SX2F6D1C2A9320,7 inch
Smile Signature Classical Extension,20230131-003-136,VXA1E8619C1693,10 inch
Smile Classic Reggae Extension,20230109-001-137,SX7C5069AF7156,12 inch
Smile Limited Jazz Extension,20230807-005-138,VX8C1FA2D8F394,12 inch
Smile Super Experimental Extension,20230103-003-139,DX588291932F33,12 inch
Smile Collector's EDM Extension,20230612-005-140,LX16E135CBB061,7 inch
Smile Hyper Indie Extension,20230525-003-141,EX26064CA12052,12 inch
Smile Crystal Tango Extension,20230911-002-142,VXCBC2F1677A88,10 inch
Smile Anniversary Psychedelic Extension,20230402-004-143,LXE105019CF957,10 inch
Smile Enhanced Classical Extension,20231017-001-144,SXB147841A4B27,7 inch
Smile Limited Dance Extension,20230614-002-145,LX14B362EFD345,12 inch
Smile Platinum Classical Extension,20230113-003-146,EX92A253FBE755,10 inch
Smile Collector's Soul Extension,20230508-001-147,EXC27E70964830,7 inch
Smile Ultra EDM Extension,20230905-003-148,EX08706DEE3282,10 inch
Smile Enhanced Grunge Extension,20230608-003-149,VXBDE5F9129A32,10 inch
Smile Extended Disco Extension,20230528-001-150,VX7597704B2D62,7 inch
Smile Classic EDM Extension,20230511-005-151,VX751A8F3A8A05,7 inch
Smile Super Vaporwave Extension,20230426-002-152,SX00199B279289,7 inch
Smile Enhanced Drill Extension,20230705-004-153,LX316633149344,7 inch
Smile Anniversary Indie Extension,20230619-005-154,LX3C91A82BC262,10 inch
Smile Extended Alternative Extension,20231024-003-155,LXC0AD48699D52,10 inch
Smile Extended Fusion Extension,20230119-003-156,LXE8243E123226,10 inch
Smile Collector's Experimental Extension,20231008-001-157,SX74B3F9D1DB38,10 inch
Smile Crystal Dubstep Extension,20230807-002-158,VX88F9CE2C5710,7 inch
Smile Anniversary Blues Extension,20230610-002-159,VXA1F7D8D81C65,7 inch
Smile Silver Grunge Extension,20230128-001-160,LX2282B4B4F648,12 inch
Smile Special Flamenco Extension,20230323-003-161,EX85FA8829EF91,12 inch
Smile Limited Folk Extension,20231017-004-162,EX54AEBCEDAB28,7 inch
Smile Extended Bossa Nova Extension,20230819-004-163,SXDA1EA9B8A570,7 inch
Smile Modern Tango Extension,20230429-005-164,VX11E1A137B341,7 inch
Smile Mega Salsa Extension,20230603-003-165,DXF28A9F419199,12 inch
Smile Vintage Psychedelic Extension,20230730-003-166,SX6E92B6C7A028,10 inch
Smile Remastered Blues Extension,20230212-004-167,EXB841460EA479,10 inch
Smile Crystal Classical Extension,20230620-005-168,SX992CA5621873,12 inch
Smile Deluxe Blues Extension,20230313-002-169,SX09F1F1634563,7 inch
Smile Definitive Pop Extension,20230317-003-170,VX14469EBA4747,12 inch
Smile Vintage Techno Extension,20230901-004-171,LX574891BBEB93,7 inch
Smile Limited Indie Extension,20230831-004-172,LXA3B3F1EE5617,7 inch
Smile Signature Acapella Extension,20230901-002-173,VX06EA5A897D81,12 inch
Smile Ultra Jazz Extension,20230719-003-174,DX911188E0AC20,10 inch
Smile Diamond Flamenco Extension,20230410-004-175,DX44A30E1BC649,10 inch
Smile Ultra DJ Remix Extension,20230217-003-176,LX896362A8F409,10 inch
Smile Exclusive Fusion Extension,20231209-003-177,EX344C4F08B004,7 inch
Smile Deluxe Indie Extension,20231210-002-178,SXBE85FF6DFB21,10 inch
Smile Remastered Hip Hop Extension,20230325-002-179,LXC908FB776C62,10 inch
Smile Modern Psychedelic Extension,20231113-001-180,LX671E00BC4E46,10 inch
Smile Deluxe Orchestral Extension,20230318-004-181,EX049B3487EA75,7 inch
Smile Mega Bossa Nova Extension,20231017-005-182,LX843C45AB1F53,7 inch
Smile Collector's EDM Extension,20230821-003-183,EX37CA759EA493,12 inch
Smile Modern Orchestral Extension,20230305-003-184,EX452629A65563,7 inch
Smile Diamond Soul Extension,20231021-002-185,SX0AB76718C788,12 inch
Smile Premium Studio Extension,20231111-005-186,VX5F2B6DCF0A10,10 inch
Smile Vintage Rock Extension,20230207-003-187,DX8792CC959320,7 inch
Smile Gold Drill Extension,20230314-001-188,DXE4568F318319,10 inch
Smile Silver Hip Hop Extension,20230330-003-189,EX589CB43FC144,10 inch
Smile Extended Indie Extension,20230505-002-190,DX3B0EE8A43964,12 inch
Smile Crystal Studio Extension,20230830-004-191,VXA34081D50C00,12 inch
Smile Hyper Lofi Extension,20230320-005-192,LX41696FFC4433,7 inch
Smile Ultra Pop Extension,20231210-001-193,LX30800D927898,10 inch
Smile Definitive Studio Extension,20230420-003-194,DXAD07FB7BF683,10 inch
Smile Exclusive Ambient Extension,20230820-003-195,SXCF86FBD3EE52,12 inch
Smile Classic Alternative Extension,20230927-002-196,LXA4DC682A7844,10 inch
Smile Premium House Extension,20230816-001-197,DXAC09C4C90E91,12 inch
Smile Super Flamenco Extension,20230412-004-198,DX1B920F932B15,7 inch
Smile Limited Instrumental Extension,20230326-005-199,DX57B27F142809,10 inch
Smile Crystal Hip Hop Extension,20230223-005-200,LX0F59A0C44489,7 inch
Smile Anniversary Funk Extension,20230802-003-201,LXA8E7B43AA902,10 inch
Smile Signature Jazz Extension,20230110-001-202,DX88A65892AD59,7 inch
Smile Enhanced Hip Hop Extension,20230901-001-203,DX4B7759CA2315,7 inch
Smile Diamond Dubstep Extension,20230626-001-204,EXEC4EC1068595,12 inch
Smile Special Grunge Extension,20230329-001-205,LX2E5FCB3A5990,10 inch
Smile Platinum Studio Extension,20231129-002-206,SXB3A8F3A0FA71,10 inch
Smile Gold Instrumental Extension,20230207-002-207,LX5DB06E42BC79,12 inch
Smile Deluxe Pop Extension,20230712-001-208,LXE9172B722212,7 inch
Smile Modern Psychedelic Extension,20231121-004-209,EX2557BA500C33,12 inch
Smile Classic Dubstep Extension,20230126-001-210,DXB03AB6473062,10 inch
Smile Modern Country Extension,20230402-004-211,VXCC84EC489E38,12 inch
Smile Enhanced House Extension,20230810-003-212,EXA414679B6C40,7 inch
Smile Deluxe Trap Extension,20231102-002-213,VX1B993658BA41,10 inch
Smile Platinum Blues Extension,20231025-003-214,SXDCA4584A0E85,10 inch
Smile Definitive Psychedelic Extension,20230107-004-215,EXBFB603AB0D41,7 inch
Smile Crystal Alternative Extension,20230121-005-216,DX21831229EA52,12 inch
Smile Vintage Hip Hop Extension,20230629-001-217,VX0DBECA7FE551,10 inch
Smile Crystal Hip Hop Extension,20230602-003-218,LX38FBA6B65356,7 inch
Smile Vintage Psychedelic Extension,20231130-002-219,LXAD1005F42478,12 inch
Smile Anniversary Drill Extension,20230416-005-220,DX123082E18094,10 inch
Smile Enhanced Folk Extension,20230421-004-221,DXD2E4051C1D94,10 inch
Smile Rare Blues Extension,20231205-003-222,SX4FE076BD9A95,12 inch
Smile Definitive Studio Extension,20230828-001-223,SX536193FEF048,7 inch
Smile Premium Dubstep Extension,20230821-004-224,LXD49619989870,10 inch
Smile Classic DJ Remix Extension,20230922-005-225,EX25F6EB359E81,7 inch
Smile Special Dubstep Extension,20231225-003-226,SXB9F4CDE15327,7 inch
Smile Super Funk Extension,20230726-001-227,VX398F166A4B28,7 inch
Smile Premium Folk Extension,20231029-004-228,VX6F776BFE7198,10 inch
Smile Silver Bossa Nova Extension,20230209-005-229,VX44556DDA4587,12 inch
Smile Gold Metal Extension,20230802-002-230,EX8163F6562323,10 inch
Smile Super EDM Extension,20230404-002-231,VXCD8C1D488B27,10 inch
Smile Ultra Punk Extension,20231115-002-232,LX154449FED901,10 inch
Smile Crystal Alternative Extension,20230306-005-233,DXF0200F068C47,10 inch
Smile Mega Drill Extension,20230809-001-234,LX9D1A3A9C3A73,12 inch
Smile Classic Unplugged Extension,20230306-003-235,EXF02E810E2015,12 inch
Smile Rare Trap Extension,20230326-002-236,DXA93B59B2F915,12 inch
Smile Premium Bossa Nova Extension,20230314-002-237,DX72B0705E3428,10 inch
Smile Exclusive Psychedelic Extension,20230620-004-238,DX8BE47C02F867,12 inch
Smile Modern Fusion Extension,20230219-002-239,EX12F66B3C2C06,10 inch
Smile Enhanced Acoustic Extension,20230222-004-240,EX9B538E662952,10 inch
Smile Platinum Techno Extension,20230328-004-241,LX2790F6736E17,10 inch
Smile Gold Dance Extension,20230711-002-242,EX95DE42362379,10 inch
Smile Platinum EDM Extension,20230430-003-243,SX1DFD8E561170,12 inch
Smile Definitive Indie Extension,20230504-005-244,LX91EDF0E88E06,10 inch
Smile Silver Synthwave Extension,20230501-001-245,LX7BFA9B0F3824,12 inch
Smile Exclusive Country Extension,20230402-005-246,DXB75EE4B93594,7 inch
Smile Gold Salsa Extension,20230627-001-247,EX021FDE33BC98,10 inch
Smile Definitive Folk Extension,20230813-005-248,LXB0A34372E276,7 inch
Smile Collector's Lofi Extension,20230126-005-249,SXE29B2E929109,10 inch
Smile Anniversary Dubstep Extension,20230207-003-250,EXA7715F22B902,7 inch
Smile Signature Folk Extension,20230225-001-251,DX065F76E7E109,7 inch
Smile Limited R&B Extension,20230116-002-252,DX2320DE449290,7 inch
Smile Collector's Trap Extension,20230205-001-253,LXFDA198474C81,10 inch
Smile Premium Funk Extension,20231228-004-254,LX25880086BF09,10 inch
Smile Anniversary Punk Extension,20231006-001-255,SXD2C1CF884433,7 inch
Smile Modern Experimental Extension,20231215-001-256,LXF6FF8DE41F98,7 inch
Smile Premium Ambient Extension,20230211-003-257,EX838A93908663,7 inch
Smile Modern Blues Extension,20231216-004-258,DXA54461802409,10 inch
Smile Enhanced Disco Extension,20230705-003-259,VX75BA1D153747,7 inch
Smile Limited Live Extension,20230828-004-260,VXB12794239E98,7 inch
Smile Classic Classical Extension,20231023-001-261,DXC9C9F76A5D98,7 inch
Smile Classic Blues Extension,20231112-001-262,EXF33FDDC38A93,10 inch
Smile Silver House Extension,20230412-004-263,DX612B4E622987,10 inch
Smile Crystal Salsa Extension,20230816-002-264,EX725C9C71B137,10 inch
Smile Premium Alternative Extension,20230817-002-265,VX0A2F6F3DC605,7 inch
Smile Mega Reggae Extension,20230316-005-266,LXB6B822BC1D58,7 inch
Smile Ultra R&B Extension,20230302-005-267,LXD225143B9F46,7 inch
Smile Special Psychedelic Extension,20231207-002-268,SX701AF6498B15,7 inch
Smile Deluxe Indie Extension,20230114-005-269,SXB05237EB8F69,10 inch
Smile Mega Grunge Extension,20230526-002-270,SX3E555469CF57,7 inch
Smile Hyper Grunge Extension,20230120-003-271,LXF361A9DE0394,12 inch
Smile Vintage Instrumental Extension,20231216-001-272,VXB81902896D96,7 inch
Smile Silver Lofi Extension,20230403-002-273,LX8B4210737372,10 inch
Smile Exclusive Lofi Extension,20230720-001-274,DXEE28EBF86869,10 inch
Smile Signature Jazz Extension,20230225-004-275,EXF77AD02BA078,10 inch
Smile Remastered Reggae Extension,20230415-003-276,DX1A1EC042F946,7 inch
Smile Definitive Live Extension,20230907-003-277,SX104657E62738,7 inch
Smile Special Blues Extension,20231005-005-278,EXBACD0D9F2669,7 inch
Smile Premium Tango Extension,20230224-004-279,VXAEAEFB86C428,7 inch
Smile Hyper Metal Extension,20231018-002-280,LXD596D05E5217,12 inch
Smile Gold Techno Extension,20230615-003-281,EX93998AA39E73,10 inch
Smile Platinum Orchestral Extension,20230620-002-282,VX18DFF3990E24,12 inch
Smile Remastered Synthwave Extension,20230125-005-283,EXD1FF25BC7569,7 inch
Smile Anniversary Punk Extension,20230711-002-284,EX97BD79FAC324,7 inch
Smile Collector's Grunge Extension,20230906-005-285,SXFBDD53611C21,10 inch
Smile Platinum Unplugged Extension,20231228-004-286,DX43952EB6FA34,12 inch
Smile Special Tango Extension,20230124-002-287,SX5C3DAF5A1430,12 inch
Smile Classic Salsa Extension,20231023-004-288,VX2A8B5537D493,7 inch
Smile Premium House Extension,20231118-001-289,EX222E68446D49,10 inch
Smile Definitive Alternative Extension,20230308-004-290,EX5894CDEADE44,10 inch
Smile Exclusive Folk Extension,20231214-002-291,VX00D5EE1E7066,12 inch
Smile Remastered Punk Extension,20231101-003-292,EX9845A85FB399,12 inch
Smile Mega Vaporwave Extension,20230612-002-293,SXAEE6DCDB8409,7 inch
Smile Super Alternative Extension,20230913-001-294,LX121C4FAFE003,12 inch
Smile Crystal Hip Hop Extension,20231205-005-295,LXB45BCF0FA774,12 inch
Smile Rare Ambient Extension,20231218-004-296,LX7E68B67C8257,10 inch
Smile Ultra Bossa Nova Extension,20230416-001-297,LX4D3DC2BB6B42,12 inch
Smile Crystal Studio Extension,20231109-005-298,LX2ABE80AA9A26,7 inch
Smile Special House Extension,20230215-001-299,DXDFB19BBE2092,10 inch
Smile Vintage Salsa Extension,20231015-003-300,DXD13E438DD867,12 inch
Smile Signature Unplugged Extension,20230724-003-301,SXA6ABD9075E51,7 inch
Smile Gold Unplugged Extension,20230718-005-302,DX0B4F97426472,7 inch
Smile Hyper Punk Extension,20230227-002-303,SX33A79C2FA719,7 inch
Smile Gold Hip Hop Extension,20231121-003-304,DX287F65961297,7 inch
Smile Anniversary Funk Extension,20231014-003-305,EXC85993F43003,7 inch
Smile Signature Flamenco Extension,20230502-001-306,SX7CB10C453B00,7 inch
Smile Enhanced Tango Extension,20231001-001-307,SX97758C3CFC14,12 inch
Smile Gold Studio Extension,20230813-001-308,DXB241F91E0514,12 inch
Smile Crystal Jazz Extension,20230607-004-309,DX96B888AA0122,10 inch
Smile Remastered Folk Extension,20230108-001-310,VX1E0BFC164017,12 inch
Smile Signature Hip Hop Extension,20230831-003-311,DX05DA2E0F2609,12 inch
Smile Premium Flamenco Extension,20230822-002-312,EXDCE04683F891,10 inch
Smile Hyper Flamenco Extension,20230917-004-313,EX0A6B7C4FF870,12 inch
Smile Definitive Experimental Extension,20230123-001-314,LX2EF62F8D8268,12 inch
Smile Diamond Synthwave Extension,20230727-003-315,LXC1434A32EC33,12 inch
Smile Diamond Techno Extension,20230403-004-316,SX7A451DC6E870,7 inch
Smile Modern Acapella Extension,20231027-004-317,SXB6DDEFF99F00,7 inch
Smile Mega Psychedelic Extension,20230929-004-318,LXF38539144282,12 inch
Smile Premium Classical Extension,20230304-004-319,LXFE5ED37F1185,10 inch
Smile Collector's Psychedelic Extension,20230703-002-320,EX967521A12927,7 inch
Smile Premium Indie Extension,20230311-003-321,EXBA53BF161E66,12 inch
Smile Anniversary EDM Extension,20230128-003-322,EXC1845F0BE486,12 inch
Smile Anniversary Trap Extension,20230930-001-323,SX6B9647CDB902,7 inch
Smile Vintage Techno Extension,20231012-003-324,LXB0CC32FB8D08,7 inch
Smile Limited Techno Extension,20230713-002-325,DX912F0AD2C371,7 inch
Smile Deluxe Soul Extension,20230523-005-326,EX606FB66CE983,10 inch
Smile Gold Metal Extension,20231101-002-327,VX3E81B152FF15,7 inch
Smile Gold Metal Extension,20230310-004-328,SX206821B90370,7 inch
Smile Rare Dance Extension,20230430-002-329,LX9156E3474070,7 inch
Smile Crystal Pop Extension,20230314-001-330,SXE2855CCDCF42,12 inch
Smile Vintage Acoustic Extension,20230702-004-331,SX625680724133,10 inch
Smile Special Indie Extension,20230611-002-332,LXB9F107588085,10 inch
Smile Anniversary Punk Extension,20230915-004-333,SX91AED46CB948,12 inch
Smile Anniversary Drill Extension,20230817-003-334,VX3CDEDA6FF682,10 inch
Smile Silver Pop Extension,20230525-003-335,DX3C6228BDF736,7 inch
Smile Mega Pop Extension,20230201-005-336,VX61634EE3A089,10 inch
Smile Modern Dubstep Extension,20230228-001-337,DXA7080B1FD896,7 inch
Smile Definitive Indie Extension,20230130-004-338,LXF19C1900F595,10 inch
Smile Anniversary Rock Extension,20230709-002-339,VXA1CB2E85DD74,7 inch
Smile Exclusive Dance Extension,20230925-004-340,VXEF651DCA7726,12 inch
Smile Signature Punk Extension,20230311-002-341,VXC260E166CA39,7 inch
Smile Special Acoustic Extension,20230617-001-342,VX2349C43FE313,12 inch
Smile Silver DJ Remix Extension,20230128-004-343,DXCA1AD93FD791,10 inch
Smile Diamond Ambient Extension,20230716-002-344,DX5353F4F4FF48,10 inch
Smile Remastered Experimental Extension,20230923-005-345,DXDF33138EC415,12 inch
Smile Crystal Funk Extension,20230925-004-346,LX030353F7D008,10 inch
Smile Crystal Techno Extension,20231111-004-347,VXC582C2F9ED96,12 inch
Smile Anniversary Studio Extension,20230417-002-348,LXADC3AF965773,12 inch
Smile Exclusive Soul Extension,20231105-002-349,DX97F3704E2A43,10 inch
Smile Rare Jazz Extension,20230608-003-350,DX906FB48AC085,12 inch
Smile Silver Folk Extension,20231103-004-351,VX6900DAC7E140,7 inch
Smile Extended Hip Hop Extension,20231002-002-352,EX3264E1334127,7 inch
Smile Signature Classical Extension,20230519-004-353,VXBB4A3CA42B22,10 inch
Smile Premium Experimental Extension,20231114-002-354,SXDDD0D2B4F291,12 inch
Smile Deluxe Rock Extension,20230304-001-355,DX62185A381D31,7 inch
Smile Special Experimental Extension,20230512-002-356,VX07B75EFAD265,7 inch
Smile Definitive Studio Extension,20230315-003-357,SXC348E6F89093,12 inch
Smile Limited Pop Extension,20230923-001-358,EXCA98371C1767,10 inch
Smile Gold Soul Extension,20231019-003-359,SXA1F1A45E6E94,7 inch
Smile Super Acoustic Extension,20231129-005-360,LX01BF131B7D66,12 inch
Smile Diamond Live Extension,20230502-002-361,VXF3AC12098070,7 inch
Smile Ultra Synthwave Extension,20231231-004-362,EX83F602C69941,7 inch
Smile Vintage R&B Extension,20230211-003-363,VX3D45B89BA725,12 inch
Smile Collector's Synthwave Extension,20230110-005-364,SX54B8CAB2D037,7 inch
Smile Super Punk Extension,20230818-002-365,EXC9E31512C806,7 inch
Smile Limited Dubstep Extension,20231113-005-366,SX15E0C1896C47,10 inch
Smile Ultra Metal Extension,20231112-001-367,LX9EEF0BC6B319,7 inch
Smile Limited Orchestral Extension,20230202-002-368,DXE28F8F3E3739,12 inch
Smile Gold Soul Extension,20231010-003-369,LX59AEC2257104,10 inch
Smile Crystal Bossa Nova Extension,20231212-004-370,SX6267B7597076,12 inch
Smile Modern Pop Extension,20231226-003-371,DX6F5496089632,12 inch
Smile Rare Soul Extension,20230102-003-372,DX9072130BDA27,7 inch
Smile Rare Psychedelic Extension,20231223-003-373,LX6ACD4A56A791,12 inch
Smile Platinum Tango Extension,20230518-004-374,SX3C832405A281,7 inch
Smile Modern Unplugged Extension,20231012-003-375,EX361B7CF0E269,12 inch
Smile Diamond Techno Extension,20230714-002-376,LX50A795CE3067,12 inch
Smile Premium DJ Remix Extension,20230311-005-377,DX2B8ED9989C68,10 inch
Smile Anniversary Punk Extension,20231123-003-378,SXD61F8294D260,7 inch
Smile Deluxe Vaporwave Extension,20230720-005-379,SX617DFB6F2833,12 inch
Smile Gold Reggae Extension,20231207-003-380,DX2CEE71ABC261,12 inch
Smile Diamond Live Extension,20231128-005-381,LXE7275BD14756,7 inch
Smile Anniversary Trap Extension,20230611-004-382,DXE3187CCFC079,10 inch
Smile Platinum Reggae Extension,20230321-002-383,VX7B19B1E92294,12 inch
Smile Diamond Unplugged Extension,20231221-001-384,SX83E288BE1972,10 inch
Smile Limited Experimental Extension,20230904-001-385,DXB6E1B8F56852,12 inch
Smile Limited Studio Extension,20231115-002-386,DX3BBE9AC91F24,10 inch
Smile Limited Folk Extension,20231028-004-387,VX1012A1FF7F47,7 inch
Smile Exclusive Drill Extension,20230726-002-388,VX5C4525079863,12 inch
Smile Limited R&B Extension,20230307-004-389,EX566DE7E62501,12 inch
Smile Rare Lofi Extension,20230112-003-390,EX5B1F3770A563,12 inch
Smile Anniversary Pop Extension,20230704-002-391,EX7ED060731387,7 inch
Smile Modern Bossa Nova Extension,20230629-004-392,SXD091427FF669,10 inch
Smile Modern Country Extension,20231123-002-393,SX482F072B1395,12 inch
Smile Limited Blues Extension,20230416-004-394,LX3E3B37B50C93,12 inch
Smile Ultra DJ Remix Extension,20230915-004-395,DXE07F239AC381,10 inch
Smile Collector's Hip Hop Extension,20230413-001-396,EXFDBFB613D435,10 inch
Smile Silver Rock Extension,20230606-004-397,DXD42573695A33,12 inch
Smile Diamond Acapella Extension,20231112-003-398,EX4ACED253A488,7 inch
Smile Vintage Hip Hop Extension,20230320-005-399,DXEBEF44073528,7 inch
Smile Exclusive Studio Extension,20231119-003-400,VX4BE5063E0C97,12 inch
Smile Silver Techno Extension,20230315-005-401,EX290CA2313B55,10 inch
Smile Premium Ambient Extension,20230126-003-402,SXFBFC6C8D3542,7 inch
Smile Premium Funk Extension,20230710-002-403,VX40C46028C836,10 inch
Smile Deluxe Orchestral Extension,20230821-002-404,EX9A75EDB89021,7 inch
Smile Gold Dubstep Extension,20231231-002-405,SX32A6BC2D9682,7 inch
Smile Exclusive Fusion Extension,20231019-001-406,DX71F123982507,7 inch
Smile Signature Blues Extension,20231130-004-407,LX25B3EB6A7A69,7 inch
Smile Exclusive House Extension,20230306-002-408,LX1FB778862A49,10 inch
Smile Diamond Classical Extension,20231005-002-409,LX6B62688A4786,12 inch
Smile Limited Synthwave Extension,20230702-005-410,DX402A15C9C933,10 inch
Smile Rare Instrumental Extension,20231229-004-411,VX7F5E10692713,7 inch
Smile Deluxe Folk Extension,20231128-004-412,VXA217E11DF864,7 inch
Smile Premium Blues Extension,20230122-005-413,VXDE25C11C2136,10 inch
Smile Super Funk Extension,20230508-005-414,SXB2215D100768,10 inch
Smile Gold Alternative Extension,20230914-005-415,DX64BFBA1A6D14,10 inch
Smile Collector's Punk Extension,20230519-005-416,EX35A5E1C0CA57,7 inch
Smile Gold Unplugged Extension,20230501-005-417,EX890B62D29A34,12 inch
Smile Vintage Dance Extension,20230413-004-418,DXEC9DF4EB6852,7 inch
Smile Gold R&B Extension,20230708-003-419,DX6193E8199887,10 inch
Smile Deluxe Dance Extension,20230602-001-420,EX4148C0416A58,7 inch
Smile Collector's Synthwave Extension,20230429-001-421,VXC32ABA9E9615,7 inch
Smile Silver Vaporwave Extension,20230814-003-422,DX990C27D69B74,7 inch
Smile Rare Soul Extension,20231231-003-423,VX6FF6D8516723,7 inch
Smile Classic Metal Extension,20230922-001-424,LXBCA2F973A552,10 inch
Smile Enhanced Lofi Extension,20231030-004-425,EX866BA22BD771,10 inch
Smile Classic R&B Extension,20230712-004-426,SX15C5B7A62960,7 inch
Smile Collector's Flamenco Extension,20230524-003-427,LXAB5B37C16254,12 inch
Smile Crystal Unplugged Extension,20231029-002-428,EXE82277BD2F99,7 inch
Smile Modern Tango Extension,20230815-002-429,SXAC4043A57340,10 inch
Smile Rare Folk Extension,20230610-005-430,SX06C0915B0095,10 inch
Smile Special Country Extension,20230930-003-431,LX35C085344851,10 inch
Smile Anniversary Pop Extension,20230905-002-432,DX6628E5847F39,12 inch
Smile Enhanced Reggae Extension,20231002-002-433,SX36F789129F25,12 inch
Smile Ultra Tango Extension,20230218-005-434,DXBE9A8021AA74,7 inch
Smile Deluxe Classical Extension,20231001-001-435,EXEBB987DFA534,12 inch
Smile Silver Studio Extension,20230919-003-436,EX150BBFED0B01,12 inch
Smile Anniversary Funk Extension,20230702-001-437,EXE814EBD4D613,7 inch
Smile Rare Pop Extension,20230615-004-438,LXAD5826FE5231,10 inch
Smile Signature Vaporwave Extension,20230108-003-439,LX0BB854D42B61,10 inch
Smile Collector's Country Extension,20230209-001-440,EX8F6D57596942,7 inch
Smile Silver Drill Extension,20231114-001-441,EX58C8F0CEDA54,12 inch
Smile Vintage Vaporwave Extension,20230113-005-442,LX040FB4E9F238,10 inch
Smile Extended DJ Remix Extension,20231223-003-443,SX6F5018E7AC99,7 inch
Smile Mega Acoustic Extension,20230718-004-444,LXB909F05FCF95,12 inch
Smile Hyper Pop Extension,20231209-003-445,VX896FFCAED609,12 inch
Smile Mega Acapella Extension,20230926-005-446,EX2CA496F1A215,7 inch
Smile Silver House Extension,20230517-004-447,EX016943503D26,12 inch
Smile Hyper Salsa Extension,20231007-002-448,DXABDF18C5C841,7 inch
Smile Silver Live Extension,20230130-003-449,VXF6A478A6CE13,7 inch
Smile Remastered Folk Extension,20230603-005-450,LXBE9EFD249203,10 inch
Smile Classic Dance Extension,20230920-005-451,VX35B7AE462B49,7 inch
Smile Classic Flamenco Extension,20231231-005-452,VXD8A0E9837170,10 inch
Smile Deluxe Rock Extension,20231106-001-453,DXDC7B38797539,10 inch
Smile Definitive Punk Extension,20230401-001-454,SX45D6CAC97757,12 inch
Smile Platinum House Extension,20230108-002-455,DXA2B5CC8AF637,10 inch
Smile Hyper Country Extension,20230404-004-456,EX9A3B36074191,7 inch
Smile Deluxe Soul Extension,20230905-001-457,VX7D02D09CEE59,7 inch
Smile Super Jazz Extension,20231009-005-458,LX52017C29A328,12 inch
Smile Silver Vaporwave Extension,20230404-005-459,LX97E93BF14A22,12 inch
Smile Mega Salsa Extension,20231217-002-460,VX486495C2BC56,12 inch
Smile Definitive Dance Extension,20231112-005-461,SX872D874DC556,7 inch
Smile Premium Indie Extension,20230822-002-462,VXAA61AAA38619,12 inch
Smile Vintage Acapella Extension,20230813-005-463,SXC1A91AF45214,12 inch
Smile Extended Classical Extension,20230114-003-464,EX02CFDE6F2A37,7 inch
Smile Classic Classical Extension,20230812-001-465,DXE9314A3A0F05,12 inch
Smile Remastered Trap Extension,20230718-002-466,DXCFFBF31D1058,12 inch
Smile Exclusive Flamenco Extension,20230718-005-467,DXB0CD92CF6044,10 inch
Smile Platinum Funk Extension,20230804-002-468,SX3523CA987183,7 inch
Smile Super Hip Hop Extension,20231222-001-469,VX6F012E836C06,12 inch
Smile Signature Pop Extension,20231129-005-470,EXB779C0123D49,7 inch
Smile Diamond EDM Extension,20230306-003-471,DX230867DED519,7 inch
Smile Signature Indie Extension,20230105-003-472,EX0941886BCB45,12 inch
Smile Modern DJ Remix Extension,20230612-003-473,DX13D24391D769,7 inch
Smile Definitive Disco Extension,20230121-002-474,LXDE55C039DF98,7 inch
Smile Definitive Acapella Extension,20230923-002-475,SX44FA70BD0B43,10 inch
Smile Deluxe Live Extension,20230601-002-476,SX290EED5B4335,7 inch
Smile Exclusive Drill Extension,20230108-002-477,SXA5079A773327,12 inch
Smile Modern Pop Extension,20230107-002-478,EX3BFF44D2B824,10 inch
Smile Classic Pop Extension,20230426-001-479,LX8C764657D377,12 inch
Smile Definitive Unplugged Extension,20230130-001-480,LXD92057C96D56,12 inch
Smile Remastered Indie Extension,20231228-001-481,LXDAEFDCFD1921,12 inch
Smile Special Bossa Nova Extension,20231230-005-482,SXEA0D5A592168,10 inch
Smile Signature Dubstep Extension,20230914-005-483,LX208FD6AE6212,12 inch
Smile Diamond Drill Extension,20231210-003-484,EX7AEB2C763257,12 inch
Smile Limited Dance Extension,20230904-003-485,LXFDB1C3A07F22,10 inch
Smile Hyper Classical Extension,20230214-002-486,LX9E6DC206A456,7 inch
Smile Enhanced Alternative Extension,20230508-004-487,SX6348ABFD9D18,7 inch
Smile Crystal Rock Extension,20230124-003-488,VX508755287949,10 inch
Smile Exclusive Rock Extension,20230728-002-489,EXE7723A21F376,7 inch
Smile Remastered Punk Extension,20230318-004-490,SX882D7A20CB38,12 inch
Smile Modern Fusion Extension,20230420-003-491,EX395A0D824344,7 inch
Smile Modern Grunge Extension,20231023-004-492,SX7C5BE8006285,12 inch
Smile Enhanced Flamenco Extension,20231107-002-493,LX2937970C7D86,10 inch
Smile Classic Psychedelic Extension,20230708-002-494,EXEEEC307BA809,10 inch
Smile Collector's Metal Extension,20230315-003-495,SXF2A1AF36E287,12 inch
Smile Modern Tango Extension,20230105-001-496,DX66CFCFAFF930,10 inch
Smile Deluxe Classical Extension,20230301-003-497,VX5DE763A9A855,7 inch
Smile Anniversary Fusion Extension,20230817-001-498,EX407002CE0023,12 inch
Smile Vintage Reggae Extension,20230126-003-499,LX7EFC56090296,12 inch
Smile Signature Reggae Extension,20230224-004-500,DX9D617A224932,7 inch
Smile Diamond DJ Remix Extension,20230814-001-501,VX4AF36B5F4D38,12 inch
Smile Vintage Tango Extension,20230610-005-502,SXAFE72B80E182,12 inch
Smile Collector's Orchestral Extension,20230416-002-503,LX5D28134E3B11,12 inch
Smile Remastered Bossa Nova Extension,20231211-001-504,SX619A42127B11,12 inch
Smile Anniversary Jazz Extension,20231101-001-505,VXDF854AA9F497,7 inch
Smile Deluxe Synthwave Extension,20230218-005-506,DX85CA6C433755,12 inch
Smile Crystal Classical Extension,20230423-001-507,VX94D3D82AC734,10 inch
Smile Exclusive R&B Extension,20230614-003-508,DXC7D060E42807,10 inch
Smile Extended DJ Remix Extension,20231126-005-509,LX1D8554649E49,12 inch
Smile Exclusive Synthwave Extension,20230911-002-510,VXA7F6D6FBA461,12 inch
Smile Platinum Dubstep Extension,20231104-002-511,VXCC9D86083699,12 inch
Smile Anniversary Dubstep Extension,20230415-004-512,DX2C7689DCCF99,12 inch
Smile Signature Flamenco Extension,20230809-002-513,SX523027245789,7 inch
Smile Super Flamenco Extension,20230123-005-514,SX6BF9B57E1686,12 inch
Smile Silver Experimental Extension,20230525-005-515,VX4CD15E642958,7 inch
Smile Definitive Punk Extension,20230411-003-516,DX1E8D4CCCAF58,7 inch
Smile Silver Funk Extension,20231203-003-517,VXA04C5E44AC67,7 inch
Smile Exclusive Acapella Extension,20230730-005-518,VX52C4E8355C01,12 inch
Smile Diamond House Extension,20230423-004-519,DX01E93F816870,7 inch
Smile Definitive House Extension,20230320-004-520,EXA2BEF05FB329,12 inch
Smile Crystal Country Extension,20230426-002-521,DX267D9DAE9806,10 inch
Smile Hyper Acoustic Extension,20231016-003-522,VXFF6383205196,10 inch
Smile Limited Country Extension,20230109-004-523,EX6ED2995F4588,7 inch
Smile Silver Experimental Extension,20230803-002-524,VX7E19F8312C37,12 inch
Smile Remastered Techno Extension,20230913-005-525,EX44EDB5F02E59,10 inch
Smile Deluxe Bossa Nova Extension,20230514-003-526,SX185034EAAD87,7 inch
Smile Enhanced Hip Hop Extension,20231019-005-527,DX22A1FE856180,7 inch
Smile Silver Instrumental Extension,20230908-003-528,LXAD3F759BF714,7 inch
Smile Modern Classical Extension,20230106-002-529,SX88099DE56A30,12 inch
Smile Remastered EDM Extension,20230904-002-530,VXAD4C49764411,10 inch
Smile Platinum Alternative Extension,20230119-005-531,VX7531AB9E9413,7 inch
Smile Crystal House Extension,20230307-002-532,LX1B2B6F6BD164,12 inch
Smile Classic Salsa Extension,20230522-003-533,DX6507A9E90173,12 inch
Smile Platinum Rock Extension,20230731-002-534,SX272BA2CDFB19,10 inch
Smile Silver Ambient Extension,20230909-002-535,SX8CF5A3944A75,12 inch
Smile Signature Funk Extension,20230408-005-536,SX6F5DE15BB128,10 inch
Smile Gold Dubstep Extension,20230725-002-537,SX7ED807934667,12 inch
Smile Deluxe EDM Extension,20231009-004-538,VX68F87CC6B600,12 inch
Smile Classic Alternative Extension,20230203-004-539,VX92A97A8BD332,12 inch
Smile Crystal Disco Extension,20230329-001-540,VX4EEA04AED951,10 inch
Smile Hyper Techno Extension,20230610-003-541,LXCA3360379F68,12 inch
Smile Special Country Extension,20230113-005-542,DXB4E672053766,12 inch
Smile Crystal Synthwave Extension,20230418-003-543,EX06D10026C571,7 inch
Smile Collector's Folk Extension,20230716-001-544,EX5E1013814419,12 inch
Smile Mega Acapella Extension,20231123-002-545,LX290A7FE26A69,10 inch
Smile Vintage Soul Extension,20230304-003-546,DXE98B56879054,7 inch
Smile Super Blues Extension,20230710-003-547,VXC4C0C9678905,7 inch
Smile Hyper Instrumental Extension,20231013-005-548,DXFA89104E0C51,10 inch
Smile Enhanced Techno Extension,20231018-001-549,LX1A8C1169A602,12 inch
Smile Collector's Tango Extension,20231203-003-550,VX34E9D3016B66,10 inch
Smile Extended Jazz Extension,20230111-005-551,EX09696BEDBB74,12 inch
Smile Signature Acapella Extension,20231024-002-552,DX59807022CC70,10 inch
Smile Platinum Rock Extension,20230917-005-553,SX2E802580EB55,7 inch
Smile Super DJ Remix Extension,20230421-004-554,LX1BACAB113A34,10 inch
Smile Definitive Pop Extension,20231127-002-555,EXC54DED9BBF10,7 inch
Smile Super Funk Extension,20230122-003-556,VX71768B6C7223,7 inch
Smile Exclusive Techno Extension,20230823-004-557,SXC1966D26E492,12 inch
Smile Silver Experimental Extension,20230724-002-558,EXE9947A388473,10 inch
Smile Modern R&B Extension,20230826-002-559,VXE3C7B1C2F879,10 inch
Smile Remastered Psychedelic Extension,20230620-002-560,SX947278822842,12 inch
Smile Modern Jazz Extension,20231127-004-561,SXA01820FE6545,10 inch
Smile Platinum Fusion Extension,20231008-002-562,LX00923C47F837,7 inch
Smile Enhanced Acoustic Extension,20230714-001-563,LXAEB359687502,10 inch
Smile Platinum Psychedelic Extension,20231207-005-564,SXCD9A48063881,12 inch
Smile Hyper Studio Extension,20230616-003-565,VX1D2FFDA06F81,12 inch
Smile Deluxe Hip Hop Extension,20230407-001-566,VXDEB903742F08,7 inch
Smile Anniversary Instrumental Extension,20230529-001-567,DXF187E740B391,12 inch
Smile Super Orchestral Extension,20230613-001-568,LXBB2711BF6A06,10 inch
Smile Classic Soul Extension,20230903-003-569,EX39FC77148733,10 inch
Smile Deluxe Jazz Extension,20230904-004-570,LXE4881BA3F910,10 inch
Smile Mega Synthwave Extension,20230726-001-571,LX51ED5729DA90,12 inch
Smile Anniversary Acapella Extension,20230325-002-572,DX2F8379A18314,7 inch
Smile Hyper DJ Remix Extension,20230318-003-573,SXEDF03A779457,12 inch
Smile Mega Lofi Extension,20230111-002-574,DX6675C75E2F54,12 inch
Smile Exclusive Acoustic Extension,20231227-001-575,DXC8D6C00DD295,10 inch
Smile Deluxe Unplugged Extension,20230302-002-576,LXF158D22A6711,7 inch
Smile Premium Live Extension,20231009-003-577,VX9287108E2991,10 inch
Smile Crystal Tango Extension,20230929-005-578,LXED7EF6295469,7 inch
Smile Extended R&B Extension,20231113-004-579,SX27D7C2B88260,12 inch
Smile Silver Metal Extension,20230805-001-580,EX5EB5E15C4B99,12 inch
Smile Limited Soul Extension,20230117-005-581,DX90FE1CFB0073,10 inch
Smile Premium Synthwave Extension,20230302-002-582,DXBB637CCCEE12,7 inch
Smile Mega Folk Extension,20231102-004-583,SXF8C2DAD4A113,10 inch
Smile Rare Classical Extension,20230213-002-584,VX97019C45E088,7 inch
Smile Classic Drill Extension,20230328-002-585,DX3A5E036DCD50,10 inch
Smile Anniversary Tango Extension,20231207-004-586,VXDDF38DB55D06,12 inch
Smile Signature Trap Extension,20230717-003-587,VX242958258677,10 inch
Smile Limited Disco Extension,20230228-001-588,VXD8DC70E32567,7 inch
Smile Classic Alternative Extension,20230619-004-589,VXC4CE6D2DC662,10 inch
Smile Hyper Jazz Extension,20230804-003-590,EX26C82E68BF53,10 inch
Smile Mega Reggae Extension,20230911-001-591,LX28C49DC2EF31,7 inch
Smile Ultra Orchestral Extension,20231105-002-592,VX1D0DFB0F0894,12 inch
Smile Diamond Synthwave Extension,20231020-002-593,DX24E5BAE65E37,10 inch
Smile Special Disco Extension,20231204-004-594,DX396E1A70BB64,7 inch
Smile Ultra Jazz Extension,20230130-005-595,VX7D6C3DAB9066,12 inch
Smile Diamond Flamenco Extension,20231005-002-596,DX25EB5FB73515,10 inch
Smile Collector's Hip Hop Extension,20230421-004-597,VXC04EDD229B08,12 inch
Smile Rare Tango Extension,20230101-001-598,EX6487E3CC3A21,12 inch
Smile Classic House Extension,20230430-003-599,VXDA98A548D038,10 inch
Smile Limited Salsa Extension,20231020-005-600,SX2F9506B55900,12 inch
Smile Crystal Jazz Extension,20230824-002-601,LXDDD73AF14A55,10 inch
Smile Special Live Extension,20230608-002-602,VXD89FDD4CC577,10 inch
Smile Premium Lofi Extension,20231207-004-603,LX3A683D1C9413,7 inch
Smile Enhanced Alternative Extension,20230717-002-604,EXAB40F000A298,10 inch
Smile Extended Acoustic Extension,20230108-004-605,DX5EB0EFF09112,12 inch
Smile Deluxe Orchestral Extension,20230319-001-606,LXB83F9463F368,7 inch
Smile Exclusive Bossa Nova Extension,20231013-001-607,DXCB2E8D407B74,10 inch
Smile Premium Experimental Extension,20230312-004-608,EX3E13E0B6BB85,12 inch
Smile Remastered Flamenco Extension,20230715-003-609,EX5F164B88D423,7 inch
Smile Enhanced Funk Extension,20230524-002-610,SX7D9A5DC24B13,7 inch
Smile Remastered Alternative Extension,20231125-002-611,SX16D3FF551823,7 inch
Smile Ultra Unplugged Extension,20230511-002-612,LXE2D6B5F14910,10 inch
Smile Extended Fusion Extension,20230128-001-613,VXEA14B5884E42,12 inch
Smile Limited Flamenco Extension,20230326-004-614,EX68396A500725,10 inch
Smile Modern Jazz Extension,20231006-004-615,VX21136170CA16,12 inch
Smile Remastered Lofi Extension,20230406-001-616,DX1FA5F7608D72,10 inch
Smile Super Bossa Nova Extension,20230908-001-617,EX07A78307DC23,10 inch
Smile Enhanced Unplugged Extension,20231120-001-618,DX54B5B0037D23,10 inch
Smile Signature Bossa Nova Extension,20240101-001-619,EX61DDEA0E5F31,7 inch
Smile Remastered Acapella Extension,20230420-002-620,VX8DBCDB71D446,10 inch
Smile Platinum Drill Extension,20230131-003-621,SX49B137499757,7 inch
Smile Super Grunge Extension,20230625-002-622,DXE1B6CB4D0A67,10 inch
Smile Vintage EDM Extension,20231125-001-623,DXA9C48C8D3926,7 inch
Smile Classic Fusion Extension,20230222-002-624,SX498133C70A22,10 inch
Smile Signature Psychedelic Extension,20231109-004-625,VX6F76CB99C699,10 inch
Smile Exclusive Acapella Extension,20231028-002-626,LX57D375D6D266,10 inch
Smile Anniversary Fusion Extension,20230829-004-627,SXE920D9E8C605,7 inch
Smile Deluxe Synthwave Extension,20231117-002-628,EXAE86BD704660,7 inch
Smile Definitive Metal Extension,20230331-001-629,VX1451A1520098,10 inch
Smile Enhanced Acapella Extension,20230414-002-630,EX4AEAC9F71750,12 inch
Smile Remastered R&B Extension,20231222-003-631,DX4AD2A46A8D18,7 inch
Smile Ultra Instrumental Extension,20230908-001-632,SXAF7B8870E729,7 inch
Smile Limited Folk Extension,20231014-005-633,EXD3ED493E0597,12 inch
Smile Gold Classical Extension,20230215-003-634,SX7AAB8D17AB65,10 inch
Smile Rare Flamenco Extension,20230111-004-635,SXA831CB095761,12 inch
Smile Enhanced Psychedelic Extension,20230421-001-636,VXE524B3E1E244,10 inch
Smile Classic DJ Remix Extension,20230809-004-637,DXDCE2581EF112,12 inch
Smile Signature Techno Extension,20230821-003-638,LXD356EE073E14,7 inch
Smile Signature Rock Extension,20231006-001-639,LX3BB3C2B08E63,12 inch
Smile Collector's Disco Extension,20230326-005-640,DX559A1835FB87,10 inch
Smile Silver Alternative Extension,20231231-003-641,VX2A5195B5FF03,7 inch
Smile Extended Disco Extension,20230923-004-642,VXAF112F6A6B96,7 inch
Smile Diamond Metal Extension,20230830-001-643,SX539C90F72797,7 inch
Smile Gold Studio Extension,20231030-001-644,EXFEA543241801,12 inch
Smile Enhanced Salsa Extension,20231022-004-645,EX34099ABDC262,12 inch
Smile Mega Acapella Extension,20230720-002-646,VX5D3DB53C0520,10 inch
Smile Signature Acapella Extension,20230308-004-647,SX15D691408605,7 inch
Smile Limited Funk Extension,20230817-001-648,VX0FB920427F09,7 inch
Smile Hyper Hip Hop Extension,20230426-002-649,LX1C37A291D501,10 inch
Smile Ultra Disco Extension,20231004-002-650,EX83BA3524D509,7 inch
Smile Anniversary Lofi Extension,20231130-004-651,DX826213642276,7 inch
Smile Platinum Disco Extension,20230730-003-652,SX76D59835E715,10 inch
Smile Hyper Salsa Extension,20230525-002-653,EX94777D8FFF75,10 inch
Smile Definitive Pop Extension,20230930-001-654,VXE446E4EF5F38,12 inch
Smile Ultra Hip Hop Extension,20230825-005-655,LX0A84462B9736,10 inch
Smile Modern Unplugged Extension,20230118-004-656,LX88A881D4B079,12 inch
Smile Remastered Dubstep Extension,20230510-005-657,EXAEDF0875DD65,10 inch
Smile Silver Grunge Extension,20230220-001-658,VX168423966845,12 inch
Smile Vintage Orchestral Extension,20230414-004-659,VX5452D9EC6710,7 inch
Smile Enhanced Rock Extension,20230129-005-660,DX64A9DE4FE227,12 inch
Smile Deluxe DJ Remix Extension,20230613-004-661,SXF023492DE671,7 inch
Smile Rare Alternative Extension,20230804-002-662,EX8B28CEDDDD53,12 inch
Smile Super Studio Extension,20231208-002-663,DX3EC000F8AD22,10 inch
Smile Remastered Experimental Extension,20230611-004-664,EXD8DB45D70388,10 inch
Smile Remastered Fusion Extension,20230206-003-665,VX334746478838,10 inch
Smile Special Vaporwave Extension,20230730-005-666,LX0C836BF9BB71,10 inch
Smile Mega Hip Hop Extension,20230109-001-667,LX8B7B0F2D2C56,7 inch
Smile Ultra Disco Extension,20231221-001-668,EX449AA6EA8817,12 inch
Smile Gold Jazz Extension,20230114-004-669,LX15A9E879E175,10 inch
Smile Limited Indie Extension,20230212-001-670,EXB897F0D84264,10 inch
Smile Super Flamenco Extension,20231108-003-671,DX7D715F35F650,10 inch
Smile Mega EDM Extension,20231001-002-672,SX60F9AA32C538,12 inch
Smile Hyper Alternative Extension,20230612-001-673,EX0E3F8F05BE45,10 inch
Smile Special EDM Extension,20230909-004-674,LXE7D0FBDE3659,7 inch
Smile Crystal Rock Extension,20230322-005-675,VX70FF08CB4373,12 inch
Smile Special Synthwave Extension,20230327-001-676,EXE2B1C516BF38,7 inch
Smile Vintage Alternative Extension,20230527-002-677,DX591A3D6CB001,12 inch
Smile Modern Experimental Extension,20230430-004-678,SX125B4123AD96,7 inch
Smile Enhanced Acoustic Extension,20230412-002-679,SXE52BFDEB6C99,7 inch
Smile Limited DJ Remix Extension,20230323-003-680,SX43E35EE7E642,7 inch
Smile Gold Metal Extension,20230622-001-681,LXEFB66FCE4723,12 inch
Smile Classic Metal Extension,20230709-002-682,EX7B1E9CE10028,10 inch
Smile Platinum Salsa Extension,20230319-003-683,SXBAB7E373F976,7 inch
Smile Exclusive Instrumental Extension,20230428-001-684,EXEB71191F2B41,10 inch
Smile Special Synthwave Extension,20230831-002-685,LX693DF0D44F64,10 inch
Smile Hyper R&B Extension,20230306-003-686,VX68E55037CC38,12 inch
Smile Crystal Salsa Extension,20231106-004-687,DX8B4624971035,12 inch
Smile Remastered Pop Extension,20230422-001-688,DXC500870B4801,12 inch
Smile Gold Techno Extension,20230320-005-689,EX1D942F3DC149,10 inch
Smile Limited Acapella Extension,20230907-004-690,EXCA59177ACD74,12 inch
Smile Crystal House Extension,20230521-001-691,VX83BF76AF1626,7 inch
Smile Limited Reggae Extension,20230727-004-692,EX5B8F8FD14143,10 inch
Smile Exclusive Funk Extension,20231222-005-693,LXC7471AB77011,12 inch
Smile Anniversary Country Extension,20231101-005-694,EX0D6270605695,12 inch
Smile Premium Rock Extension,20230126-005-695,EXD75428C1A428,10 inch
Smile Exclusive Indie Extension,20231223-005-696,DX32C18129AD50,10 inch
Smile Definitive Country Extension,20230130-003-697,EX163535C5F593,10 inch
Smile Platinum R&B Extension,20231102-001-698,SX07597A596A78,12 inch
Smile Special House Extension,20231027-005-699,EXF54C3528A754,12 inch
Smile Premium Flamenco Extension,20231226-003-700,DX2D854B89A343,10 inch
Smile Signature Live Extension,20230522-002-701,EX1D591FDDC564,10 inch
Smile Deluxe Studio Extension,20230914-005-702,SXA9A9F1D26547,7 inch
Smile Silver EDM Extension,20230405-001-703,SX276AA867E872,10 inch
Smile Modern Dance Extension,20230409-005-704,VX79B755909593,10 inch
Smile Special Grunge Extension,20231217-001-705,VX2ADBE556C791,12 inch
Smile Remastered Dubstep Extension,20230422-005-706,SX8CCC66CE1956,12 inch
Smile Enhanced Dance Extension,20230730-002-707,VXE2F499429B55,12 inch
Smile Modern Punk Extension,20231130-003-708,SX3EBD9C5B9C75,12 inch
Smile Silver Jazz Extension,20230523-001-709,EXBF633479F629,12 inch
Smile Enhanced Unplugged Extension,20230911-002-710,EX1DDA6B52AF52,12 inch
Smile Mega R&B Extension,20230715-002-711,VX907FBD1D8216,10 inch
Smile Mega House Extension,20231221-004-712,EX66839B654D63,10 inch
Smile Rare Punk Extension,20231208-001-713,LX1363F6FA9280,10 inch
Smile Enhanced Indie Extension,20230314-001-714,VX635C37C0DF63,10 inch
Smile Gold Classical Extension,20231012-001-715,VX126C9104D938,12 inch
Smile Mega Reggae Extension,20230429-002-716,EXD9BF8EA87873,10 inch
Smile Crystal Country Extension,20230425-001-717,EX799A2EEA3C21,12 inch
Smile Modern Classical Extension,20230520-004-718,SX25F05B59A282,10 inch
Smile Mega Country Extension,20230524-003-719,VXA5B5F80DBE09,7 inch
Smile Exclusive R&B Extension,20230906-005-720,DX0D6BF2F71B39,10 inch
Smile Exclusive Bossa Nova Extension,20230112-001-721,DX69D4A4C64888,10 inch
Smile Extended Studio Extension,20230707-001-722,SXDAA2BE69EA82,10 inch
Smile Remastered Alternative Extension,20231219-003-723,VX8D5AB2258E97,10 inch
Smile Gold Punk Extension,20230319-001-724,LXEE5BE5277824,7 inch
Smile Mega EDM Extension,20230204-003-725,SXDAD959D18313,12 inch
Smile Super Classical Extension,20230426-001-726,SX36D07541BE09,12 inch
Smile Modern Flamenco Extension,20231209-005-727,LXC49C902F6747,10 inch
Smile Enhanced Trap Extension,20231105-003-728,LX60D11E463565,7 inch
Smile Modern Experimental Extension,20230506-001-729,DX504CD2B7D491,12 inch
Smile Special Metal Extension,20230109-003-730,VXBD3458C49C78,7 inch
Smile Ultra Experimental Extension,20230710-005-731,DX6C648C3BDA89,10 inch
Smile Special Vaporwave Extension,20230813-004-732,SX77F9C4112F92,7 inch
Smile Definitive Alternative Extension,20230217-005-733,SX052AF1867D54,12 inch
Smile Special Fusion Extension,20230308-004-734,VX3B4EB91A8D65,7 inch
Smile Collector's Lofi Extension,20230123-004-735,VXC32EAE0F5F39,7 inch
Smile Limited Vaporwave Extension,20230201-003-736,EXB65056259622,12 inch
Smile Silver Reggae Extension,20230624-002-737,SX3B7F54D05072,10 inch
Smile Special Disco Extension,20230330-003-738,VX3D649D1B8800,7 inch
Smile Silver Live Extension,20230717-002-739,LXCEE808409509,10 inch
Smile Remastered Acoustic Extension,20231217-001-740,EXA79F9F734152,12 inch
Smile Deluxe Drill Extension,20231016-001-741,LX1E9AE6503A19,12 inch
Smile Limited Punk Extension,20230413-003-742,VX5D400B816F61,10 inch
Smile Limited Salsa Extension,20230311-002-743,VX6BE431BF7F69,10 inch
Smile Premium Salsa Extension,20230117-005-744,SX900F078F2C23,7 inch
Smile Platinum Tango Extension,20230627-003-745,LX1C879940CB05,12 inch
Smile Remastered Live Extension,20230917-004-746,VXDFB44A071951,10 inch
Smile Super Ambient Extension,20230420-003-747,DX670FDBEFCB98,12 inch
Smile Remastered Metal Extension,20231103-002-748,VXB7F5C754CC08,12 inch
Smile Ultra Pop Extension,20230830-003-749,LX2127A8D23002,12 inch
Smile Rare Punk Extension,20230528-001-750,LX4F384498F850,7 inch
Smile Anniversary Indie Extension,20230714-001-751,LX8225EB0D5D85,12 inch
Smile Silver Punk Extension,20231006-001-752,EXFD8DA0F54546,10 inch
Smile Gold Soul Extension,20231012-004-753,VXDBDC57013437,12 inch
Smile Exclusive Bossa Nova Extension,20230319-003-754,SX7829647E3403,12 inch
Smile Hyper Acapella Extension,20231227-004-755,SX97B46176BD28,10 inch
Smile Remastered Vaporwave Extension,20230603-001-756,EX1A84A2902629,10 inch
Smile Deluxe Experimental Extension,20231210-003-757,VX92F1949D1C64,10 inch
Smile Super Punk Extension,20230613-005-758,EX7E16813CF466,12 inch
Smile Hyper Punk Extension,20231104-001-759,LXAEB434854F32,7 inch
Smile Silver Trap Extension,20230105-002-760,DXB910E7559937,7 inch
Smile Deluxe Fusion Extension,20231212-004-761,DX6B8609C94588,12 inch
Smile Extended Lofi Extension,20230514-002-762,EX8E026AEE5B56,10 inch
Smile Crystal Bossa Nova Extension,20230430-005-763,VXA079C1552B11,12 inch
Smile Limited Jazz Extension,20230119-002-764,EXBEE811C1BF51,7 inch
Smile Exclusive Indie Extension,20230717-005-765,LX6A46AD76C066,10 inch
Smile Limited Trap Extension,20230708-001-766,SX6338F6B4CF95,7 inch
Smile Hyper Hip Hop Extension,20230215-005-767,DX29DF1FBC2945,7 inch
Smile Exclusive Lofi Extension,20230608-001-768,VX1BAB9207D189,7 inch
Smile Anniversary Tango Extension,20230803-004-769,DXBB5B5BD28A85,10 inch
Smile Special Jazz Extension,20230219-003-770,LX1C1B11680447,7 inch
Smile Hyper Classical Extension,20230228-005-771,VXD77B1BA3A405,12 inch
Smile Super Soul Extension,20230827-003-772,VXB34AC1BE2789,12 inch
Smile Ultra Grunge Extension,20231209-005-773,EX74BB04097A83,12 inch
Smile Extended Hip Hop Extension,20230714-003-774,SX27FFAB4DBC70,12 inch
Smile Super Reggae Extension,20230911-001-775,LX9B5F84825720,12 inch
Smile Diamond Reggae Extension,20230730-002-776,DX07137AA26508,7 inch
Smile Extended Disco Extension,20231025-003-777,LXAAA19FEFA535,10 inch
Smile Hyper DJ Remix Extension,20230930-004-778,DX31D3BF6E2A16,10 inch
Smile Super Experimental Extension,20230514-005-779,VX2683A7204A90,7 inch
Smile Modern Live Extension,20230326-005-780,DX7DA16C3D5706,12 inch
Smile Classic Studio Extension,20230128-002-781,VX4C48BC98A026,7 inch
Smile Extended House Extension,20230406-004-782,DX2DA288801A87,10 inch
Smile Collector's Pop Extension,20230914-001-783,LX7D69C4035051,7 inch
Smile Vintage Flamenco Extension,20231111-004-784,LX1DABBD52F071,7 inch
Smile Vintage Trap Extension,20231027-005-785,EXAF897533ED37,7 inch
Smile Collector's DJ Remix Extension,20231018-001-786,SX948FB11CBC04,7 inch
Smile Exclusive Orchestral Extension,20230522-003-787,EX96F795202A85,7 inch
Smile Limited Funk Extension,20230122-003-788,VX1B2235812984,10 inch
Smile Remastered Acoustic Extension,20231106-001-789,DX94A42D641124,7 inch
Smile Hyper Flamenco Extension,20230112-005-790,DXD2C52A883373,12 inch
Smile Signature Psychedelic Extension,20230102-002-791,SX3F559ABAED87,7 inch
Smile Ultra Soul Extension,20230615-002-792,EXD0D3AA0F9301,10 inch
Smile Platinum House Extension,20230924-005-793,SXF24868AF8939,12 inch
Smile Special Funk Extension,20231217-004-794,LX12CE8F724A49,7 inch
Smile Signature House Extension,20230921-003-795,SXE8A2790F7879,10 inch
Smile Hyper Orchestral Extension,20231213-004-796,EX6117A7A10A25,10 inch
Smile Vintage Dubstep Extension,20230411-002-797,SX2A50AA697D42,12 inch
Smile Exclusive Bossa Nova Extension,20230328-004-798,EXD257C964B981,7 inch
Smile Diamond Indie Extension,20240101-001-799,VX19783A458034,10 inch
Smile Diamond Country Extension,20230718-002-800,SX9E27C7023903,10 inch
Smile Classic Blues Extension,20230903-004-801,SX7119AAF87293,12 inch
Smile Definitive Experimental Extension,20230616-004-802,DXB25F4E3E5453,7 inch
Smile Definitive Techno Extension,20230721-005-803,DX7F85692CF007,10 inch
Smile Extended Bossa Nova Extension,20230102-003-804,EX7A54CAF2EB20,10 inch
Smile Super Soul Extension,20230429-005-805,LXDB0AA8DBAF01,7 inch
Smile Classic Experimental Extension,20230328-003-806,EX25E5E3358207,10 inch
Smile Deluxe R&B Extension,20231117-003-807,SX54274245EB17,12 inch
Smile Premium Alternative Extension,20230806-004-808,EX161F1B0D9991,12 inch
Smile Anniversary Instrumental Extension,20230219-001-809,EXC0A8C0BCF189,10 inch
Smile Mega Punk Extension,20230316-005-810,EX70073E375F80,12 inch
Smile Classic Hip Hop Extension,20230103-004-811,LXF0443AA2E931,10 inch
Smile Anniversary Pop Extension,20230829-005-812,DXA30602AD6961,7 inch
Smile Classic Soul Extension,20230216-003-813,VXBAF1062CD052,12 inch
Smile Remastered Disco Extension,20230915-003-814,VX147E84586B77,7 inch
Smile Enhanced Classical Extension,20230408-001-815,EX3D9F7429AE00,7 inch
Smile Remastered Ambient Extension,20230505-002-816,DX82423E5A4536,7 inch
Smile Silver Blues Extension,20231231-004-817,LXB4F3CC81DF84,10 inch
Smile Remastered Alternative Extension,20231222-004-818,SXFD666A39F312,12 inch
Smile Silver Orchestral Extension,20230611-002-819,DX2C6A6429EF99,12 inch
Smile Enhanced DJ Remix Extension,20230802-001-820,EXCE1BC216B469,7 inch
Smile Hyper Psychedelic Extension,20230611-005-821,SXDAC4EADA7D51,10 inch
Smile Gold Flamenco Extension,20230805-003-822,SXE0A5DF4A7702,10 inch
Smile Signature Reggae Extension,20230728-003-823,LX4E5775B00E94,12 inch
Smile Vintage Blues Extension,20230513-005-824,DXA5748A8D2261,10 inch
Smile Diamond Funk Extension,20230126-002-825,DX75F309E4FD65,10 inch
Smile Ultra Soul Extension,20230402-003-826,DX59E155F22420,12 inch
Smile Mega Psychedelic Extension,20230518-003-827,VX42661C586C87,12 inch
Smile Collector's Indie Extension,20230802-003-828,VX625F7DAA4667,10 inch
Smile Premium Bossa Nova Extension,20230926-004-829,LX0204F76BF406,7 inch
Smile Ultra Studio Extension,20230919-003-830,LX541772B40F30,12 inch
Smile Ultra Jazz Extension,20230302-001-831,SX89A4F5B96607,10 inch
Smile Diamond Fusion Extension,20230727-004-832,SXEC3237AE0556,7 inch
Smile Exclusive Bossa Nova Extension,20230927-005-833,DXE11A7DE46E60,12 inch
Smile Super Alternative Extension,20231207-005-834,VX4FDBF986A185,12 inch
Smile Collector's Classical Extension,20230211-005-835,EX21AF40E70603,7 inch
Smile Remastered Experimental Extension,20230425-003-836,EX52A3488EED42,10 inch
Smile Definitive Trap Extension,20230527-003-837,EXDB64FE64E335,10 inch
Smile Collector's Country Extension,20230924-004-838,SX51C766FF9628,10 inch
Smile Definitive Fusion Extension,20230129-005-839,SX93F650B7D049,10 inch
Smile Ultra Reggae Extension,20230220-003-840,EX148FEF5BB741,10 inch
Smile Classic Reggae Extension,20230620-002-841,EX7A04E7DEDC05,10 inch
Smile Modern Vaporwave Extension,20230428-003-842,VX3C8E4C410E23,10 inch
Smile Limited Tango Extension,20230916-001-843,LXF73E0A918698,10 inch
Smile Anniversary Synthwave Extension,20230224-004-844,SX1DFF5982DF21,12 inch
Smile Platinum Drill Extension,20230823-004-845,SX94D065EF4F45,10 inch
Smile Modern Acapella Extension,20231110-005-846,SX6BD4ABC41E72,12 inch
Smile Special DJ Remix Extension,20230328-004-847,SXFCDCD4F65199,7 inch
Smile Modern R&B Extension,20230216-001-848,VX2547D264CD16,10 inch
Smile Deluxe Indie Extension,20231116-001-849,VX7D97A9629528,7 inch
Smile Hyper Acapella Extension,20230516-003-850,VX5A61519E3556,10 inch
Smile Exclusive Pop Extension,20230116-001-851,DX7FF773E6DC26,7 inch
Smile Anniversary Unplugged Extension,20231027-003-852,VX427C23F14906,7 inch
Smile Definitive Orchestral Extension,20230318-005-853,SX373D40C69291,7 inch
Smile Limited Synthwave Extension,20230619-002-854,SX6537163DA201,7 inch
Smile Rare Orchestral Extension,20230423-003-855,LXF5A64D1D0F62,10 inch
Smile Collector's Instrumental Extension,20230415-004-856,EX1A4AFED41642,12 inch
Smile Special Studio Extension,20230829-004-857,LX3FF4DF0EB147,12 inch
Smile Hyper Ambient Extension,20230903-002-858,SX83B641AF3518,7 inch
Smile Special Vaporwave Extension,20231110-001-859,VXC9393C909688,12 inch
Smile Hyper Acapella Extension,20230116-004-860,SX36BE40E6A352,10 inch
Smile Modern Live Extension,20230817-004-861,EX56CFC5948478,7 inch
Smile Limited Acapella Extension,20230926-004-862,VX0A734CC98C17,10 inch
Smile Mega Trap Extension,20230112-003-863,EX43D4A4344027,10 inch
Smile Mega Dance Extension,20230917-004-864,DXC049413F5580,12 inch
Smile Premium Techno Extension,20230224-005-865,LX8DFA6C2A8B26,12 inch
Smile Remastered Vaporwave Extension,20230803-003-866,VXD9A0CB9F6B46,7 inch
Smile Classic Metal Extension,20230225-003-867,VX214C328EFF92,10 inch
Smile Silver Punk Extension,20230422-002-868,LX71B909D54787,12 inch
Smile Ultra Flamenco Extension,20230403-002-869,EX263657F94661,7 inch
Smile Rare Pop Extension,20230301-001-870,LXBCCDC906D545,10 inch
Smile Collector's Bossa Nova Extension,20230709-003-871,DX3CC39CE26E74,12 inch
Smile Remastered Rock Extension,20231126-002-872,EX94E3A75BE746,7 inch
Smile Rare Drill Extension,20231101-004-873,DXE74F87465372,12 inch
Smile Ultra R&B Extension,20230411-003-874,VX70A8F01E0D53,12 inch
Smile Remastered Alternative Extension,20230723-003-875,VXD57D4BC41D91,12 inch
Smile Collector's Drill Extension,20230615-005-876,VXFA8363BC8D59,10 inch
Smile Limited Drill Extension,20230307-002-877,VX5C52A2C8AD07,10 inch
Smile Platinum Dubstep Extension,20230107-003-878,EXD373BF450E77,10 inch
Smile Signature Flamenco Extension,20230123-002-879,SX1F85A66DF185,10 inch
Smile Super Fusion Extension,20231102-004-880,VX09B516F8B037,10 inch
Smile Platinum Bossa Nova Extension,20231222-003-881,VX1B9B0A875576,10 inch
Smile Premium Drill Extension,20231223-004-882,EX41F8E5238316,7 inch
Smile Enhanced Reggae Extension,20230512-005-883,DXD1A9A7F0C794,7 inch
Smile Limited Flamenco Extension,20230829-003-884,DX527BE1279688,10 inch
Smile Remastered Acoustic Extension,20231022-005-885,EX65EE35D45F72,12 inch
Smile Special Punk Extension,20231228-005-886,DXF12B6E2B6360,7 inch
Smile Crystal Techno Extension,20230331-002-887,VXA593CE1BF111,12 inch
Smile Platinum Hip Hop Extension,20230312-001-888,DXA50F41D9A794,10 inch
Smile Definitive Punk Extension,20230401-001-889,EXAB9F586CAA11,7 inch
Smile Extended Punk Extension,20230921-001-890,LX8C8372D1B009,10 inch
Smile Platinum Live Extension,20230426-002-891,LX913EE20D4001,10 inch
Smile Signature Salsa Extension,20230519-004-892,LX4A175BB70021,12 inch
Smile Exclusive Flamenco Extension,20231121-004-893,EX30E1ADE42402,12 inch
Smile Special Unplugged Extension,20230921-001-894,VX169DEB8F9E65,7 inch
Smile Definitive Salsa Extension,20230304-003-895,EX7DB37C57CD83,7 inch
Smile Platinum Reggae Extension,20230808-003-896,VX5E16B78C7621,7 inch
Smile Enhanced Classical Extension,20231104-002-897,DX0F2AACB9A323,7 inch
Smile Special Unplugged Extension,20230913-003-898,DX0C1F44A96125,10 inch
Smile Definitive Classical Extension,20231116-003-899,VX91FC4271E254,7 inch
Smile Definitive R&B Extension,20230818-001-900,LX9F4A1FF08156,7 inch
Smile Anniversary R&B Extension,20231206-004-901,LX38A248EC6242,10 inch
Smile Remastered R&B Extension,20230531-004-902,VX5A587E768B11,7 inch
Smile Exclusive Fusion Extension,20231027-004-903,EX9E4B15000705,7 inch
Smile Vintage Synthwave Extension,20230630-003-904,DXF64455D55459,12 inch
Smile Exclusive Alternative Extension,20231226-001-905,LX63CBAE287981,12 inch
Smile Extended Folk Extension,20230723-002-906,DXF7A2B7F3EB06,7 inch
Smile Hyper Country Extension,20230219-005-907,EX2B86D791BB87,12 inch
Smile Premium Orchestral Extension,20231212-004-908,VX0A6C4A4A2513,12 inch
Smile Gold Grunge Extension,20230321-001-909,LXC4B064DEEB76,12 inch
Smile Modern Bossa Nova Extension,20231129-004-910,SX95C9B9A79C18,12 inch
Smile Rare Indie Extension,20231012-001-911,VX9D161202AA02,7 inch
Smile Ultra Studio Extension,20230129-004-912,VX2EF3B8EEA543,10 inch
Smile Collector's Unplugged Extension,20230503-003-913,LXC8F55E7ECC49,7 inch
Smile Crystal Trap Extension,20230908-001-914,DX366681852684,7 inch
Smile Silver Folk Extension,20230118-004-915,SXDBA2457C9909,12 inch
Smile Gold Studio Extension,20231119-005-916,EX79106FC4DC75,12 inch
Smile Super Fusion Extension,20230729-001-917,VX32F260B85C48,10 inch
Smile Remastered Unplugged Extension,20230724-005-918,EX008515A62934,10 inch
Smile Remastered Pop Extension,20231013-003-919,EX781B10054E85,12 inch
Smile Crystal Indie Extension,20231122-003-920,EX391A8A5E9705,12 inch
Smile Mega Soul Extension,20230824-001-921,SX9ABA03BEB041,12 inch
Smile Definitive Trap Extension,20230527-001-922,DX05EDEA0C3392,10 inch
Smile Hyper Tango Extension,20230823-004-923,SXC455AD893E90,10 inch
Smile Silver Live Extension,20230212-005-924,DXC68466710E05,7 inch
Smile Silver Lofi Extension,20230430-005-925,DX4A155B226711,10 inch
Smile Premium Tango Extension,20230411-002-926,VX504447A1B283,7 inch
Smile Special Orchestral Extension,20231209-001-927,EX38C3CAAB8D65,12 inch
Smile Enhanced Lofi Extension,20231127-003-928,LX4AE12B07EB13,7 inch
Smile Signature Acoustic Extension,20230625-003-929,DX3D4B405D4510,10 inch
Smile Deluxe EDM Extension,20230515-004-930,VX49A24A728D77,12 inch
Smile Collector's Punk Extension,20230116-002-931,VXD44D7B3BF763,7 inch
Smile Enhanced R&B Extension,20230809-003-932,LX196D55048B95,12 inch
Smile Special Acapella Extension,20230606-002-933,DXBA4B31681139,10 inch
Smile Premium Pop Extension,20230401-002-934,SXF281C9881130,10 inch
Smile Deluxe Tango Extension,20231114-004-935,EX44A3C05E6031,12 inch
Smile Signature DJ Remix Extension,20230403-001-936,DX3146601FDF19,7 inch
Smile Definitive Techno Extension,20230709-004-937,VXDD454296E155,10 inch
Smile Platinum Country Extension,20230807-004-938,DX5EA7A00FFF18,7 inch
Smile Signature Rock Extension,20230407-005-939,LX0ED92C991922,7 inch
Smile Classic House Extension,20231206-003-940,LXDE494C45D452,10 inch
Smile Crystal Psychedelic Extension,20230503-004-941,LXAE8550A3EE25,7 inch
Smile Remastered Bossa Nova Extension,20231229-002-942,SXFA6919974246,10 inch
Smile Vintage Live Extension,20230122-003-943,DXB1032F88CF26,10 inch
Smile Diamond R&B Extension,20230730-001-944,DX2912981C4D16,10 inch
Smile Definitive Rock Extension,20231121-002-945,VXD40328AA5271,7 inch
Smile Signature Folk Extension,20230315-002-946,LXF6FD3A5D8A17,10 inch
Smile Deluxe Pop Extension,20230211-004-947,VXB67ADA10AB83,12 inch
Smile Diamond Unplugged Extension,20230801-005-948,LXDC6C31D62040,7 inch
Smile Modern Vaporwave Extension,20230512-002-949,DXD041AD522E93,10 inch
Smile Special Folk Extension,20230408-005-950,EXF88A206EA267,12 inch
Smile Special R&B Extension,20230930-001-951,DX736BB2219266,10 inch
Smile Classic R&B Extension,20231011-005-952,LX0A0E906D9579,12 inch
Smile Crystal Blues Extension,20230718-003-953,SXACDA37DFE226,12 inch
Smile Anniversary R&B Extension,20230122-004-954,SXF2391DA77076,12 inch
Smile Premium EDM Extension,20231003-004-955,SXA9E576EFE127,7 inch
Smile Enhanced Ambient Extension,20231101-004-956,DXD7689423A854,10 inch
Smile Gold Experimental Extension,20230818-004-957,LX82092BCFF511,10 inch
Smile Crystal Drill Extension,20230202-001-958,VX5E3E5103A194,10 inch
Smile Special Folk Extension,20231025-005-959,VX462DEB55D415,7 inch
Smile Gold Instrumental Extension,20230420-002-960,VX272747F95B66,12 inch
Smile Premium Jazz Extension,20230915-002-961,SX089E3626D752,12 inch
Smile Silver Jazz Extension,20231213-005-962,SXDBC22F494479,10 inch
Smile Ultra Grunge Extension,20230905-002-963,LX78442BBE4906,7 inch
Smile Ultra Soul Extension,20230424-005-964,DX6EE834F7A934,7 inch
Smile Deluxe Studio Extension,20231203-001-965,SX9FD9EEB8C532,12 inch
Smile Ultra Experimental Extension,20230427-005-966,VXA11FEE9F4385,7 inch
Smile Vintage Live Extension,20230208-003-967,LX04BB65556D20,10 inch
Smile Hyper Dance Extension,20230104-005-968,VXFA015F3D1408,10 inch
Smile Definitive Trap Extension,20230415-005-969,SX205A0C101F58,12 inch
Smile Collector's Punk Extension,20230902-002-970,LXA0DACE9EFE53,10 inch
Smile Diamond Techno Extension,20230413-002-971,VX10C801F0C434,7 inch
Smile Remastered Blues Extension,20230726-002-972,VX685D4DB67F69,12 inch
Smile Crystal Studio Extension,20230921-003-973,VX8B5C7F738161,7 inch
Smile Hyper DJ Remix Extension,20230923-002-974,SXC030B927B174,7 inch
Smile Remastered Reggae Extension,20230208-002-975,VX7383EF05B349,12 inch
Smile Exclusive House Extension,20231115-003-976,LXC5858401FC99,10 inch
Smile Super Indie Extension,20230217-004-977,LX35522FA4B728,12 inch
Smile Anniversary Instrumental Extension,20231211-003-978,DX50BD37568A03,7 inch
Smile Premium Techno Extension,20230603-004-979,LX32DBA40AF810,10 inch
Smile Gold Disco Extension,20231214-003-980,DXEB2103773040,10 inch
Smile Super Blues Extension,20230705-001-981,DX33461D0B5433,10 inch
Smile Silver Indie Extension,20230408-003-982,LX1A1B3C65EC40,10 inch
Smile Platinum Ambient Extension,20230610-002-983,DXF258794B0D35,12 inch
Smile Mega Instrumental Extension,20230914-001-984,SXE38D1D767E19,7 inch
Smile Remastered Jazz Extension,20230117-004-985,EXD0532924B864,12 inch
Smile Remastered Experimental Extension,20230407-004-986,DXB3ABE69D3524,12 inch
Smile Gold Folk Extension,20230111-005-987,SX7B54222E7696,12 inch
Smile Crystal Ambient Extension,20230119-001-988,VXBD292921BE75,12 inch
Smile Hyper Funk Extension,20230216-005-989,EX2810CABD6894,7 inch
Smile Crystal Hip Hop Extension,20230503-002-990,EX642530753179,7 inch
Smile Hyper Drill Extension,20231031-001-991,LX790DE6CBB771,7 inch
Smile Hyper Synthwave Extension,20230122-004-992,LX5D24EBE84C04,7 inch
Smile Platinum Synthwave Extension,20230414-001-993,EX154A1E10E987,12 inch
Smile Vintage Classical Extension,20230212-001-994,EXBC3C784F6F74,10 inch
Smile Diamond Reggae Extension,20230620-004-995,LX4A2B6D0FF933,12 inch
Smile Gold Folk Extension,20230311-002-996,EXD0497706A479,10 inch
Smile Platinum Studio Extension,20230625-004-997,DXD68FC7790C18,10 inch
Smile Ultra Psychedelic Extension,20230701-005-998,EXCD558B116800,12 inch
Smile Definitive Grunge Extension,20230922-001-999,EX51D0E92EA673,7 inch
Smile Platinum Funk Extension,20230609-005-1000,EXE9475A9B9520,7 inch
